id,name,email,created_at
254d2419-51ac-40d4-ab4b-6674b4f35056,Alice,alice@example.com,2025-08-30 17:45:53.387799
d7dd13e4-af1e-4d59-a925-6ed23a7ca3e0,Bob,bob@example.com,2025-08-30 17:45:53.387799
9267fdd0-27bc-4939-a861-f01a72779621,Charlie,charlie@example.com,2025-08-30 17:45:53.387799
7927b373-0ed9-4dc9-a467-7ce0b94f0072,David,david@example.com,2025-08-30 17:45:53.387799
576625ac-9dcf-4da9-bd22-86020654c2ba,Eva,eva@example.com,2025-08-30 17:45:53.387799
1c3b515d-1a75-49b1-abae-8e6461addde6,Frank,frank@example.com,2025-08-30 17:45:53.387799
fad58f2a-7185-4ed6-9a99-37e60523ebd5,Grace,grace@example.com,2025-08-30 17:45:53.387799
dc0b5a33-aada-4826-bcc0-d5959506f6ca,Hannah,hannah@example.com,2025-08-30 17:45:53.387799
5b753d8a-0e26-4648-a576-0e29bbf80892,Ivy,ivy@example.com,2025-08-30 17:45:53.387799
5e4dbd86-c237-4986-a776-3f2c46f54557,Jack,jack@example.com,2025-08-30 17:45:53.387799